{"MAE": 217947.38215577457, "R2_Adjusted": 0.9579315408163861, "WAPE": 11.854324707089257, "RMSE": 455128.50712088123, "MAE train": 191497.21473560834, "MAE test": 217947.38215577457, "MAE diff, %": 12.14}